,Class
00b39e152ec2f569424596049b35917c7b767b16132f63a0330ccc3b89c7f188,Benign
00b7c7143761c72cd5ffa430bf6ec6c4a8841a6a78e9acfde01e9dbb871339a2,Benign
00ef241bf92c761a1a911b626d38108545f5cf250d900eb419fbd99fb2df3041,Benign
0a0ee0aa381260d43987e98dd1a6f4bab11164e876f21db6ddb1db7c319c5cf8,Benign
0a2adcac2b16b02d475e9d47b4772b77b0b4269132f07557c7ef6081727585da,Benign
0a21ef18ba03622736a8edd5390afbab6088dcacc3d5877eb0b28206285f569d,Malware
0a56a947d9c0be507b6aa0e2b569ca7eed39e5e802c8cf78be71adda9d324eae,Malware
0ae9a90db211e8b09baee9d26a97f943e6098f4f33336069895442f175111dba,Malware
0b0ab12cdf751f7fbe2efae9ecb771d980509aef824930de0a60f1c408dabd2c,Malware
0b9bcd45ae44d8d53d199e7cc137a449da27f9062815fc785df402d09e72a614,Malware
00c73f132156d46db3690edce720f955da3f3c354d90173633f22303bb0fbc61,Malware
00c93e7d748f4695fe4e49d5bdbe7392479875cd687639e271d2214944058f2e,Malware
00ed9204747ab980535cedd6337476911ca5bddc332cbf8305816e6ad729bb94,Benign
0a13ed78effd1eede88b149cc50a65828a9b19dc1c8bfe42fe66b21a63d813fa,Malware
0a1a645818c217ff8941a4c909398e9ebf480796541688b0937b1be4a752ede1,Malware
000d4ae8b195127545cabfa4f63e4c210b1f38f51fb1d9e270318a0276251e88,Malware
00ac9dac7971de8a4ee021a77ce9371cdfe8f1cafb71d7319bb160ae6fc1d9fe,Malware
00d190942efc8c667ae4f56b1a1bd469f42862004f4a7662e1d78a3d3bc0b1a0,Malware
0a25a55f10436c835b43f77b0852cb3845db3752984a1cfe90cef54ad344c5d5,Malware
0a9e83077e39d2046633505e3057edbcf470077b23e4297b40df27196cdad3f9,Malware
000b3bd706f241802c397214ee1fea8fdaa687ccc6d3afff081fc4b96d2e8f64,Malware
00d4526e0791d198236b9ca2c9fd95c743a4acf7eb68d2c7946fc12d0e6dc499,Malware
0a0f9593f922df76a1057b9cad7df347bfdd19a6f146bf28ec69ca644a910c99,Malware
0a714f1ff140b7f5f8f9f8546f171806de5874908cc11785d261046910ea68f4,Malware
0a7ade6b0ab771be9483b5fa1946bc526e9e378bccf652c47cdef8329f2168cc,Malware
0b2839a2ae43482f4750d11d49b2abd7c4ec5e448f40c99a00c794c819bac41f,Benign
0b5e1d76c90b5a9a16e9bd843483a8157620d111ed4694ae128c57ea8868f738,Benign
0b609dff72a315f2bb2181d7576f3c969542e0cd9be69d28b36453a626d2e921,Malware
0c2a884e2729d822c5b594169c34734f36373f98ab2935384dafbd879f6b0137,Malware
0c35db39453633240613ec6416b605864b61586b9b860293737d1c51f04b894d,Benign
00accd017be3b6376c72c90cbaee1daa5209059005031492f0c275f3c6f3684e,Malware
00df7ae1d497ec0a03df202a87d87f0bb032503de3ea7c0c75779caafc4892a2,Malware
0a0dbf095a4e8d6ea7d656126ee0d6b24915981c7528d6a4fb14761097e65999,Malware
0a1fe0f21e5ea80b1b7e85c89ca07a86630e33ed4758627c40310509b37fae35,Malware
0aa2068b1afa739e64e50ae8aad38ae1f28aa62a26cfff334761990a317453df,Malware
